<?xml version="1.0" encoding="UTF-8"?>
<project-private xmlns="http://www.netbeans.org/ns/project-private/1">
    <editor-bookmarks xmlns="http://www.netbeans.org/ns/editor-bookmarks/2" lastBookmarkId="0"/>
    <open-files xmlns="http://www.netbeans.org/ns/projectui-open-files/2">
        <group>
            <file>file:/C:/_WBZ/ble_zigbee_light_prov_motor/firmware/src/app_motor.c</file>
            <file>file:/C:/_WBZ/ble_zigbee_light_prov_motor/firmware/src/app.c</file>
            <file>file:/C:/_WBZ/ble_zigbee_light_prov_motor/firmware/src/app_zigbee/app_zigbee_handler.c</file>
            <file>file:/C:/_WBZ/ble_zigbee_light_prov_motor/firmware/src/app_ble_sensor.c</file>
            <file>file:/C:/_WBZ/ble_zigbee_light_prov_motor/firmware/src/app_motor.h</file>
        </group>
    </open-files>
</project-private>
