<?xml version="1.0" encoding="UTF-8"?>
<project-private xmlns="http://www.netbeans.org/ns/project-private/1">
    <editor-bookmarks xmlns="http://www.netbeans.org/ns/editor-bookmarks/2" lastBookmarkId="0"/>
    <open-files xmlns="http://www.netbeans.org/ns/projectui-open-files/2">
        <group name="apps">
            <file>file:/D:/temp/PIC32MZW1_Curiosity_OOB/src/firmware/src/app_control.h</file>
            <file>file:/D:/temp/PIC32MZW1_Curiosity_OOB/src/firmware/src/mqtt_app.c</file>
            <file>file:/D:/temp/PIC32MZW1_Curiosity_OOB/src/firmware/src/msd_app.c</file>
            <file>file:/D:/temp/PIC32MZW1_Curiosity_OOB/src/firmware/src/config/pic32mz_w1_curiosity/system/mqtt/sys_mqtt.h</file>
            <file>file:/D:/temp/PIC32MZW1_Curiosity_OOB/src/firmware/src/mqtt_app.h</file>
            <file>file:/D:/temp/PIC32MZW1_Curiosity_OOB/src/firmware/src/app_wifi.c</file>
        </group>
        <group>
            <file>file:/C:/_WFI32apps/PIC32MZW1_Curiosity_OOB-2.0.2_motor/src/firmware/src/config/pic32mz_w1_curiosity/system/wifi/src/sys_wifi.c</file>
            <file>file:/C:/_WFI32apps/PIC32MZW1_Curiosity_OOB-2.0.2_motor/src/firmware/src/config/pic32mz_w1_curiosity/driver/ba414e/src/drv_ba414e.c</file>
            <file>file:/C:/_WFI32apps/PIC32MZW1_Curiosity_OOB-2.0.2_motor/src/firmware/src/msd_app.c</file>
        </group>
    </open-files>
</project-private>
